,id_station_itinerance,month,energy
0,FRTSLP10696,3,331.219
1,FRTSLP10696,4,33368.243
2,FRTSLP10696,5,31845.142
3,FRTSLP10696,6,35511.961
4,FRTSLP10696,7,47929.244
5,FRTSLP10696,8,54773.025
6,FRTSLP10696,9,24966.0935
7,FRTSLP10702,3,901.634
8,FRTSLP10702,4,91774.181
9,FRTSLP10702,5,91622.147
10,FRTSLP10702,6,93802.304
11,FRTSLP10702,7,158160.354
12,FRTSLP10702,8,220672.681
13,FRTSLP10702,9,69438.1608
14,FRTSLP11192,3,5148.901
15,FRTSLP11192,4,246615.83
16,FRTSLP11192,5,252754.1457
17,FRTSLP11192,6,262814.3399
18,FRTSLP11192,7,255314.3003
19,FRTSLP11192,8,221098.3381
20,FRTSLP11192,9,238309.789
21,FRTSLP11193,3,88.674
22,FRTSLP11193,4,6789.362
23,FRTSLP11193,5,3947.691
24,FRTSLP11193,6,4780.664
25,FRTSLP11193,7,6789.912
26,FRTSLP11193,8,13406.828
27,FRTSLP11193,9,5332.6773
28,FRTSLP11417,3,516.184
29,FRTSLP11417,4,61522.489
30,FRTSLP11417,5,52466.241
31,FRTSLP11417,6,57784.013
32,FRTSLP11417,7,87131.638
33,FRTSLP11417,8,116939.061
34,FRTSLP11417,9,43846.0077
35,FRTSLP11605,3,1128.37
36,FRTSLP11605,4,69575.643
37,FRTSLP11605,5,43782.574
38,FRTSLP11605,6,62232.457
39,FRTSLP11605,7,83487.278
40,FRTSLP11605,8,95643.097
41,FRTSLP11605,9,53017.3123
42,FRTSLP11606,3,935.712
43,FRTSLP11606,4,70758.375
44,FRTSLP11606,5,42281.428
45,FRTSLP11606,6,52311.988
46,FRTSLP11606,7,84895.866
47,FRTSLP11606,8,77469.204
48,FRTSLP11606,9,44200.7985
49,FRTSLP12180,3,4897.298
50,FRTSLP12180,4,259881.635
51,FRTSLP12180,5,347284.3732
52,FRTSLP12180,6,400716.8391
53,FRTSLP12180,7,481521.8014
54,FRTSLP12180,8,466601.1636
55,FRTSLP12180,9,313744.9868
56,FRTSLP13281,3,4011.62
57,FRTSLP13281,4,248647.566
58,FRTSLP13281,5,225267.9983
59,FRTSLP13281,6,216824.5344
60,FRTSLP13281,7,295348.5843
61,FRTSLP13281,8,299266.6453
62,FRTSLP13281,9,190134.2306
63,FRTSLP14836,3,5578.005
64,FRTSLP14836,4,324755.235
65,FRTSLP14836,5,299874.6512
66,FRTSLP14836,6,293427.1335
67,FRTSLP14836,7,390950.5771
68,FRTSLP14836,8,375175.6274
69,FRTSLP14836,9,251735.6765
70,FRTSLP16281,3,1993.212
71,FRTSLP16281,4,157570.018
72,FRTSLP16281,5,135677.3
73,FRTSLP16281,6,136914.142
74,FRTSLP16281,7,241191.538
75,FRTSLP16281,8,297082.516
76,FRTSLP16281,9,116530.4098
77,FRTSLP16321,3,1715.819
78,FRTSLP16321,4,171414.996
79,FRTSLP16321,5,138128.0955
80,FRTSLP16321,6,139674.2403
81,FRTSLP16321,7,220839.5856
82,FRTSLP16321,8,242430.6037
83,FRTSLP16321,9,103767.4786
84,FRTSLP16456,3,1273.441
85,FRTSLP16456,4,117474.462
86,FRTSLP16456,5,110329.901
87,FRTSLP16456,6,109134.685
88,FRTSLP16456,7,171377.682
89,FRTSLP16456,8,206133.243
90,FRTSLP16456,9,90619.6157
91,FRTSLP16732,3,2356.406
92,FRTSLP16732,4,153248.248
93,FRTSLP16732,5,149399.471
94,FRTSLP16732,6,150819.452
95,FRTSLP16732,7,237636.144
96,FRTSLP16732,8,274137.222
97,FRTSLP16732,9,125907.0193
98,FRTSLP16733,3,4066.713
99,FRTSLP16733,4,227258.719
100,FRTSLP16733,5,217191.312
101,FRTSLP16733,6,226156.577
102,FRTSLP16733,7,312484.669
103,FRTSLP16733,8,363561.137
104,FRTSLP16733,9,210599.7915
105,FRTSLP16734,3,1964.845
106,FRTSLP16734,4,132509.962
107,FRTSLP16734,5,92791.743
108,FRTSLP16734,6,62629.908
109,FRTSLP16734,7,94490.371
110,FRTSLP16734,8,92582.84
111,FRTSLP16734,9,54980.1834
112,FRTSLP16979,3,5757.329
113,FRTSLP16979,4,270247.517
114,FRTSLP16979,5,270378.867
115,FRTSLP16979,6,293153.371
116,FRTSLP16979,7,286973.404
117,FRTSLP16979,8,300322.395
118,FRTSLP16979,9,250237.2212
119,FRTSLP1719,3,896.511
120,FRTSLP1719,4,44535.106
121,FRTSLP1719,5,44994.958
122,FRTSLP1719,6,48475.041
123,FRTSLP1719,7,59799.322
124,FRTSLP1719,8,49962.493
125,FRTSLP1719,9,36877.1532
126,FRTSLP1720,3,840.556
127,FRTSLP1720,4,111507.268
128,FRTSLP1720,5,100382.913
129,FRTSLP1720,6,95656.469
130,FRTSLP1720,7,177031.153
131,FRTSLP1720,8,212060.736
132,FRTSLP1720,9,57450.2543
133,FRTSLP1722,3,1067.046
134,FRTSLP1722,4,89542.256
135,FRTSLP1722,5,89022.442
136,FRTSLP1722,6,85670.756
137,FRTSLP1722,7,149110.678
138,FRTSLP1722,8,183822.837
139,FRTSLP1722,9,78585.4115
140,FRTSLP1723,3,403.00100000000003
141,FRTSLP1723,4,39343.161
142,FRTSLP1723,5,38385.656
143,FRTSLP1723,6,35144.031
144,FRTSLP1723,7,65961.831
145,FRTSLP1723,8,57381.464
146,FRTSLP1723,9,27797.7229
147,FRTSLP1724,3,1134.135
148,FRTSLP1724,4,85603.183
149,FRTSLP1724,5,34087.36
150,FRTSLP1724,6,41731.158
151,FRTSLP1724,7,70329.579
152,FRTSLP1724,8,75788.211
153,FRTSLP1724,9,24195.2699
154,FRTSLP1725,3,1845.1399999999999
155,FRTSLP1725,4,105030.428
156,FRTSLP1725,5,94558.969
157,FRTSLP1725,6,84969.191
158,FRTSLP1725,7,126615.244
159,FRTSLP1725,8,111363.68
160,FRTSLP1725,9,69100.386
161,FRTSLP1726,3,1896.31
162,FRTSLP1726,4,91335.861
163,FRTSLP1726,5,89491.235
164,FRTSLP1726,6,96787.047
165,FRTSLP1726,7,168028.366
166,FRTSLP1726,8,219506.084
167,FRTSLP1726,9,73458.9309
168,FRTSLP1727,3,584.849
169,FRTSLP1727,4,52421.884
170,FRTSLP1727,5,32665.258
171,FRTSLP1727,6,39151.559
172,FRTSLP1727,7,48500.113
173,FRTSLP1727,8,76429.617
174,FRTSLP1727,9,39529.2143
175,FRTSLP1728,3,882.05
176,FRTSLP1728,4,57092.322
177,FRTSLP1728,5,53892.84
178,FRTSLP1728,6,62768.639
179,FRTSLP1728,7,83377.312
180,FRTSLP1728,8,95559.576
181,FRTSLP1728,9,47746.1813
182,FRTSLP1731,3,630.342
183,FRTSLP1731,4,26452.849
184,FRTSLP1731,5,23768.253
185,FRTSLP1731,6,27441.048
186,FRTSLP1731,7,38685.223
187,FRTSLP1731,8,31189.199
188,FRTSLP1731,9,19832.4001
189,FRTSLP1732,3,1323.739
190,FRTSLP1732,4,97827.494
191,FRTSLP1732,5,79190.539
192,FRTSLP1732,6,86798.625
193,FRTSLP1732,7,193689.717
194,FRTSLP1732,8,202970.164
195,FRTSLP1732,9,86631.4384
196,FRTSLP1733,3,654.506
197,FRTSLP1733,4,27525.377
198,FRTSLP1733,5,23548.079
199,FRTSLP1733,6,27211.654
200,FRTSLP1733,7,34800.905
201,FRTSLP1733,8,32823.449
202,FRTSLP1733,9,24426.4593
203,FRTSLP1734,3,916.539
204,FRTSLP1734,4,52929.871
205,FRTSLP1734,5,49396.492
206,FRTSLP1734,6,55643.086
207,FRTSLP1734,7,57438.478
208,FRTSLP1734,8,56095.853
209,FRTSLP1734,9,43295.2457
210,FRTSLP17341,3,3031.332
211,FRTSLP17341,4,246227.775
212,FRTSLP17341,5,244265.788
213,FRTSLP17341,6,269828.948
214,FRTSLP17341,7,357924.254
215,FRTSLP17341,8,421629.0
216,FRTSLP17341,9,185325.4257
217,FRTSLP17346,3,1730.859
218,FRTSLP17346,4,102851.049
219,FRTSLP17346,5,99260.542
220,FRTSLP17346,6,114527.596
221,FRTSLP17346,7,190413.686
222,FRTSLP17346,8,199139.417
223,FRTSLP17346,9,90563.7958
224,FRTSLP1735,3,658.9159999999999
225,FRTSLP1735,4,37319.718
226,FRTSLP1735,5,33637.127
227,FRTSLP1735,6,35226.969
228,FRTSLP1735,7,51311.571
229,FRTSLP1735,8,49427.458
230,FRTSLP1735,9,23915.8143
231,FRTSLP1736,3,3296.476
232,FRTSLP1736,4,189904.729
233,FRTSLP1736,5,166029.632
234,FRTSLP1736,6,162972.636
235,FRTSLP1736,7,250765.173
236,FRTSLP1736,8,300468.529
237,FRTSLP1736,9,169001.5805
238,FRTSLP1738,3,387.5
239,FRTSLP1738,4,44225.287
240,FRTSLP1738,5,41098.423
241,FRTSLP1738,6,9343.053
242,FRTSLP1738,7,64362.97
243,FRTSLP1738,8,74027.802
244,FRTSLP1738,9,36069.2521
245,FRTSLP1740,3,1398.729
246,FRTSLP1740,4,74316.531
247,FRTSLP1740,5,66934.416
248,FRTSLP1740,6,79852.954
249,FRTSLP1740,7,105286.491
250,FRTSLP1740,8,105193.541
251,FRTSLP1740,9,79928.0316
252,FRTSLP1742,3,1843.873
253,FRTSLP1742,4,85384.777
254,FRTSLP1742,5,77815.214
255,FRTSLP1742,6,73879.283
256,FRTSLP1742,7,84893.581
257,FRTSLP1742,8,75748.306
258,FRTSLP1742,9,53228.9495
259,FRTSLP1744,3,660.181
260,FRTSLP1744,4,55877.99
261,FRTSLP1744,5,53152.495
262,FRTSLP1744,6,49547.36
263,FRTSLP1744,7,74585.722
264,FRTSLP1744,8,78781.44
265,FRTSLP1744,9,27032.6962
266,FRTSLP1745,3,1469.585
267,FRTSLP1745,4,65240.876
268,FRTSLP1745,5,66434.179
269,FRTSLP1745,6,61242.535
270,FRTSLP1745,7,70543.2
271,FRTSLP1745,8,73993.237
272,FRTSLP1745,9,47093.5121
273,FRTSLP1747,3,3781.741
274,FRTSLP1747,4,213528.008
275,FRTSLP1747,5,197834.628
276,FRTSLP1747,6,199390.11
277,FRTSLP1747,7,235956.689
278,FRTSLP1747,8,195512.824
279,FRTSLP1747,9,177480.4374
280,FRTSLP17477,3,1851.109
281,FRTSLP17477,4,174263.918
282,FRTSLP17477,5,167355.241
283,FRTSLP17477,6,196643.961
284,FRTSLP17477,7,329903.554
285,FRTSLP17477,8,386008.664
286,FRTSLP17477,9,154708.6534
287,FRTSLP1749,3,695.471
288,FRTSLP1749,4,48507.94
289,FRTSLP1749,5,43745.305
290,FRTSLP1749,6,44259.881
291,FRTSLP1749,7,50325.639
292,FRTSLP1749,8,47795.639
293,FRTSLP1749,9,38798.423
294,FRTSLP1750,3,979.055
295,FRTSLP1750,4,61608.015
296,FRTSLP1750,5,58967.106
297,FRTSLP1750,6,55737.818
298,FRTSLP1750,7,63048.706
299,FRTSLP1750,8,51385.377
300,FRTSLP1750,9,42480.2908
301,FRTSLP1752,3,2406.278
302,FRTSLP1752,4,117976.855
303,FRTSLP1752,5,116773.426
304,FRTSLP1752,6,138671.971
305,FRTSLP1752,7,139684.788
306,FRTSLP1752,8,142330.078
307,FRTSLP1752,9,117282.7604
308,FRTSLP1753,3,2506.726
309,FRTSLP1753,4,152163.533
310,FRTSLP1753,5,123972.222
311,FRTSLP1753,6,124436.782
312,FRTSLP1753,7,154990.516
313,FRTSLP1753,8,147720.089
314,FRTSLP1753,9,101342.6129
315,FRTSLP1754,3,991.533
316,FRTSLP1754,4,62341.207
317,FRTSLP1754,5,80042.952
318,FRTSLP1754,6,91541.966
319,FRTSLP1754,7,78163.493
320,FRTSLP1754,8,63478.369
321,FRTSLP1754,9,48835.654
322,FRTSLP1755,3,2323.891
323,FRTSLP1755,4,109658.497
324,FRTSLP1755,5,116717.433
325,FRTSLP1755,6,127379.034
326,FRTSLP1755,7,148898.418
327,FRTSLP1755,8,132883.842
328,FRTSLP1755,9,107676.1909
329,FRTSLP1756,3,1656.177
330,FRTSLP1756,4,70189.333
331,FRTSLP1756,5,69136.438
332,FRTSLP1756,6,71530.068
333,FRTSLP1756,7,89307.838
334,FRTSLP1756,8,76582.739
335,FRTSLP1756,9,64341.7078
336,FRTSLP1757,3,1134.8129999999999
337,FRTSLP1757,4,82739.304
338,FRTSLP1757,5,65981.915
339,FRTSLP1757,6,67320.135
340,FRTSLP1757,7,98067.64
341,FRTSLP1757,8,95881.279
342,FRTSLP1757,9,47078.8574
343,FRTSLP1758,3,1915.978
344,FRTSLP1758,4,98538.544
345,FRTSLP1758,5,83499.313
346,FRTSLP1758,6,91754.778
347,FRTSLP1758,7,120854.408
348,FRTSLP1758,8,106762.38
349,FRTSLP1758,9,70173.4934
350,FRTSLP1759,3,2397.323
351,FRTSLP1759,4,146113.424
352,FRTSLP1759,5,152903.104
353,FRTSLP1759,6,172927.903
354,FRTSLP1759,7,266928.154
355,FRTSLP1759,8,278645.907
356,FRTSLP1759,9,130744.4986
357,FRTSLP1760,3,1955.7920000000001
358,FRTSLP1760,4,85951.164
359,FRTSLP1760,5,79175.9563
360,FRTSLP1760,6,82312.1415
361,FRTSLP1760,7,81478.094
362,FRTSLP1760,8,69055.6713
363,FRTSLP1760,9,76638.6142
364,FRTSLP1761,3,1907.122
365,FRTSLP1761,4,98133.716
366,FRTSLP1761,5,94561.353
367,FRTSLP1761,6,94206.138
368,FRTSLP1761,7,97755.333
369,FRTSLP1761,8,90178.189
370,FRTSLP1761,9,81467.5126
371,FRTSLP1762,3,788.054
372,FRTSLP1762,4,65989.409
373,FRTSLP1762,5,63668.582
374,FRTSLP1762,6,65535.892
375,FRTSLP1762,7,104983.717
376,FRTSLP1762,8,123084.371
377,FRTSLP1762,9,47335.0025
378,FRTSLP1763,3,1316.053
379,FRTSLP1763,4,53976.937
380,FRTSLP1763,5,50361.052
381,FRTSLP1763,6,52346.101
382,FRTSLP1763,7,61136.388
383,FRTSLP1763,8,58882.409
384,FRTSLP1763,9,38457.3448
385,FRTSLP1764,3,2194.34
386,FRTSLP1764,4,111268.735
387,FRTSLP1764,5,101432.169
388,FRTSLP1764,6,103277.362
389,FRTSLP1764,7,100432.009
390,FRTSLP1764,8,143348.572
391,FRTSLP1764,9,97433.5322
392,FRTSLP1766,3,1633.2549999999999
393,FRTSLP1766,4,74693.137
394,FRTSLP1766,5,74467.598
395,FRTSLP1766,6,78633.664
396,FRTSLP1766,7,75739.9021
397,FRTSLP1766,8,73835.4067
398,FRTSLP1766,9,77909.4282
399,FRTSLP1767,3,40.146
400,FRTSLP1767,4,18592.624
401,FRTSLP1767,5,21120.776
402,FRTSLP1767,6,27639.02
403,FRTSLP1767,7,45359.572
404,FRTSLP1767,8,51984.262
405,FRTSLP1767,9,16280.0575
406,FRTSLP1768,3,1403.303
407,FRTSLP1768,4,88624.27
408,FRTSLP1768,5,80390.026
409,FRTSLP1768,6,88001.664
410,FRTSLP1768,7,97042.954
411,FRTSLP1768,8,102363.816
412,FRTSLP1768,9,76381.5894
413,FRTSLP1770,3,1427.702
414,FRTSLP1770,4,74942.278
415,FRTSLP1770,5,70878.087
416,FRTSLP1770,6,73439.587
417,FRTSLP1770,7,91114.871
418,FRTSLP1770,8,86581.388
419,FRTSLP1770,9,48782.9016
420,FRTSLP1771,3,1222.004
421,FRTSLP1771,4,69802.296
422,FRTSLP1771,5,66697.745
423,FRTSLP1771,6,65242.054
424,FRTSLP1771,7,85490.898
425,FRTSLP1771,8,80177.116
426,FRTSLP1771,9,41902.1628
427,FRTSLP1772,3,1619.887
428,FRTSLP1772,4,63805.636
429,FRTSLP1772,5,62895.095
430,FRTSLP1772,6,72611.188
431,FRTSLP1772,7,64508.797
432,FRTSLP1772,8,41866.721
433,FRTSLP1772,9,6762.551
434,FRTSLP1774,3,880.509
435,FRTSLP1774,4,51053.669
436,FRTSLP1774,5,51479.267
437,FRTSLP1774,6,64038.083
438,FRTSLP1774,7,69725.091
439,FRTSLP1774,8,57468.185
440,FRTSLP1774,9,41997.47
441,FRTSLP17909,3,976.0889999999999
442,FRTSLP17909,4,88293.348
443,FRTSLP17909,5,83996.141
444,FRTSLP17909,6,88293.676
445,FRTSLP17909,7,129186.894
446,FRTSLP17909,8,180040.956
447,FRTSLP17909,9,75374.1699
448,FRTSLP20263,3,2618.268
449,FRTSLP20263,4,167496.884
450,FRTSLP20263,5,152952.328
451,FRTSLP20263,6,168967.071
452,FRTSLP20263,7,267471.16
453,FRTSLP20263,8,258320.096
454,FRTSLP20263,9,154324.557
455,FRTSLP20264,3,2189.389
456,FRTSLP20264,4,116324.415
457,FRTSLP20264,5,103895.774
458,FRTSLP20264,6,112706.87
459,FRTSLP20264,7,163939.35
460,FRTSLP20264,8,141228.903
461,FRTSLP20264,9,106606.3961
462,FRTSLP20265,3,1012.076
463,FRTSLP20265,4,64459.212
464,FRTSLP20265,5,67302.327
465,FRTSLP20265,6,76488.636
466,FRTSLP20265,7,114132.649
467,FRTSLP20265,8,149816.829
468,FRTSLP20265,9,58082.8746
469,FRTSLP20437,3,1834.276
470,FRTSLP20437,4,84227.851
471,FRTSLP20437,5,73225.27
472,FRTSLP20437,6,60695.481999999996
473,FRTSLP20437,7,72408.587
474,FRTSLP20437,8,75092.729
475,FRTSLP20437,9,42451.7953
476,FRTSLP21027,3,783.291
477,FRTSLP21027,4,82543.493
478,FRTSLP21027,5,62566.781
479,FRTSLP21027,6,76904.229
480,FRTSLP21027,7,144555.849
481,FRTSLP21027,8,139043.613
482,FRTSLP21027,9,64279.3122
483,FRTSLP2566,3,3251.032
484,FRTSLP2566,4,163866.836
485,FRTSLP2566,5,163805.587
486,FRTSLP2566,6,171842.414
487,FRTSLP2566,7,215370.536
488,FRTSLP2566,8,186567.477
489,FRTSLP2566,9,144869.0688
490,FRTSLP2583,3,4440.194
491,FRTSLP2583,4,188684.892
492,FRTSLP2583,5,187429.409
493,FRTSLP2583,6,193336.12
494,FRTSLP2583,7,207807.372
495,FRTSLP2583,8,187096.308
496,FRTSLP2583,9,201186.8458
497,FRTSLP2584,3,590.991
498,FRTSLP2584,4,58277.36
499,FRTSLP2584,5,54736.911
500,FRTSLP2584,6,66572.448
501,FRTSLP2584,7,103629.622
502,FRTSLP2584,8,104413.63
503,FRTSLP2584,9,50294.6674
504,FRTSLP26192,3,2416.761
505,FRTSLP26192,4,128402.592
506,FRTSLP26192,5,124154.868
507,FRTSLP26192,6,132097.554
508,FRTSLP26192,7,158068.651
509,FRTSLP26192,8,172948.821
510,FRTSLP26192,9,107758.565
511,FRTSLP2622,3,1095.857
512,FRTSLP2622,4,40270.538
513,FRTSLP2622,5,41818.054
514,FRTSLP2622,6,55137.81
515,FRTSLP2622,7,57269.588
516,FRTSLP2622,8,50777.239
517,FRTSLP2622,9,37801.1804
518,FRTSLP26558,3,7616.174
519,FRTSLP26558,4,314335.769
520,FRTSLP26558,5,329422.484
521,FRTSLP26558,6,382925.326
522,FRTSLP26558,7,419918.93
523,FRTSLP26558,8,415740.066
524,FRTSLP26558,9,331752.9256
525,FRTSLP27522,3,2506.103
526,FRTSLP27522,4,161968.875
527,FRTSLP27522,5,162242.159
528,FRTSLP27522,6,177109.911
529,FRTSLP27522,7,286278.894
530,FRTSLP27522,8,364569.693
531,FRTSLP27522,9,136242.7694
532,FRTSLP27649,3,1403.769
533,FRTSLP27649,4,118895.712
534,FRTSLP27649,5,113636.595
535,FRTSLP27649,6,127167.417
536,FRTSLP27649,7,184921.262
537,FRTSLP27649,8,171794.377
538,FRTSLP27649,9,119598.0779
539,FRTSLP27742,3,1811.088
540,FRTSLP27742,4,131090.659
541,FRTSLP27742,5,112047.392
542,FRTSLP27742,6,114906.537
543,FRTSLP27742,7,201939.284
544,FRTSLP27742,8,209268.668
545,FRTSLP27742,9,90712.1474
546,FRTSLP2819,3,1771.271
547,FRTSLP2819,4,82691.587
548,FRTSLP2819,5,100745.264
549,FRTSLP2819,6,96011.576
550,FRTSLP2819,7,103857.457
551,FRTSLP2819,8,92728.66100000001
552,FRTSLP2819,9,77129.2812
553,FRTSLP28329,4,37217.089
554,FRTSLP28329,5,81238.31
555,FRTSLP28329,6,79675.146
556,FRTSLP28329,7,164753.551
557,FRTSLP28329,8,168594.987
558,FRTSLP28329,9,71874.2907
559,FRTSLP28396,3,989.3580000000001
560,FRTSLP28396,4,89908.775
561,FRTSLP28396,5,69904.67
562,FRTSLP28396,6,79917.507
563,FRTSLP28396,7,169282.148
564,FRTSLP28396,8,156667.298
565,FRTSLP28396,9,49811.5202
566,FRTSLP28456,3,3297.585
567,FRTSLP28456,4,156217.42
568,FRTSLP28456,5,145668.327
569,FRTSLP28456,6,173144.049
570,FRTSLP28456,7,212143.223
571,FRTSLP28456,8,213747.693
572,FRTSLP28456,9,168533.3335
573,FRTSLP28609,3,1933.461
574,FRTSLP28609,4,90340.228
575,FRTSLP28609,5,78144.461
576,FRTSLP28609,6,69752.162
577,FRTSLP28609,7,121184.867
578,FRTSLP28609,8,150398.143
579,FRTSLP28609,9,88529.1374
580,FRTSLP28778,3,1321.849
581,FRTSLP28778,4,123149.379
582,FRTSLP28778,5,110191.259
583,FRTSLP28778,6,110145.429
584,FRTSLP28778,7,211952.582
585,FRTSLP28778,8,241048.881
586,FRTSLP28778,9,69218.8892
587,FRTSLP28780,3,1075.605
588,FRTSLP28780,4,69325.249
589,FRTSLP28780,5,64254.946
590,FRTSLP28780,6,59808.101
591,FRTSLP28780,7,119528.657
592,FRTSLP28780,8,106289.451
593,FRTSLP28780,9,70079.5227
594,FRTSLP28781,3,1962.717
595,FRTSLP28781,4,103444.376
596,FRTSLP28781,5,89908.641
597,FRTSLP28781,6,88156.574
598,FRTSLP28781,7,149974.225
599,FRTSLP28781,8,196261.901
600,FRTSLP28781,9,77460.294
601,FRTSLP28783,3,1548.793
602,FRTSLP28783,4,126063.175
603,FRTSLP28783,5,119698.161
604,FRTSLP28783,6,111768.727
605,FRTSLP28783,7,187205.445
606,FRTSLP28783,8,188524.516
607,FRTSLP28783,9,86239.1399
608,FRTSLP29155,3,2129.113
609,FRTSLP29155,4,69307.053
610,FRTSLP29155,5,65741.637
611,FRTSLP29155,6,71042.213
612,FRTSLP29155,7,85040.206
613,FRTSLP29155,8,95751.66
614,FRTSLP29155,9,67551.2609
615,FRTSLP29159,3,8264.726
616,FRTSLP29159,4,406085.856
617,FRTSLP29159,5,395875.078
618,FRTSLP29159,6,418657.3866
619,FRTSLP29159,7,441138.592
620,FRTSLP29159,8,427277.3388
621,FRTSLP29159,9,412329.7933
622,FRTSLP29384,3,2933.815
623,FRTSLP29384,4,143527.376
624,FRTSLP29384,5,155376.829
625,FRTSLP29384,6,155135.665
626,FRTSLP29384,7,185441.581
627,FRTSLP29384,8,212811.542
628,FRTSLP29384,9,133568.5331
629,FRTSLP29498,3,2193.438
630,FRTSLP29498,4,193373.478
631,FRTSLP29498,5,165607.897
632,FRTSLP29498,6,203282.994
633,FRTSLP29498,7,334548.28
634,FRTSLP29498,8,261703.705
635,FRTSLP29498,9,146526.0034
636,FRTSLP29508,3,2732.929
637,FRTSLP29508,4,134840.353
638,FRTSLP29508,5,137524.558
639,FRTSLP29508,6,155250.1
640,FRTSLP29508,7,191676.409
641,FRTSLP29508,8,199977.667
642,FRTSLP29508,9,141897.0595
643,FRTSLP29532,3,6175.936
644,FRTSLP29532,4,270750.603
645,FRTSLP29532,5,260195.487
646,FRTSLP29532,6,290324.621
647,FRTSLP29532,7,323712.281
648,FRTSLP29532,8,305731.541
649,FRTSLP29532,9,290264.2688
650,FRTSLP29561,3,2972.421
651,FRTSLP29561,4,141011.81
652,FRTSLP29561,5,142222.283
653,FRTSLP29561,6,146454.565
654,FRTSLP29561,7,157076.513
655,FRTSLP29561,8,151692.443
656,FRTSLP29561,9,142129.6014
657,FRTSLP29562,3,1844.141
658,FRTSLP29562,4,97118.137
659,FRTSLP29562,5,111130.577
660,FRTSLP29562,6,141989.832
661,FRTSLP29562,7,108081.641
662,FRTSLP29562,8,177348.065
663,FRTSLP29562,9,202857.783
664,FRTSLP29575,3,800.136
665,FRTSLP29575,4,48057.749
666,FRTSLP29575,5,42779.082
667,FRTSLP29575,6,48338.87
668,FRTSLP29575,7,57837.687
669,FRTSLP29575,8,59947.016
670,FRTSLP29575,9,42318.218
671,FRTSLP29579,3,2698.421
672,FRTSLP29579,4,126440.152
673,FRTSLP29579,5,135321.035
674,FRTSLP29579,6,139972.559
675,FRTSLP29579,7,150056.64
676,FRTSLP29579,8,147000.993
677,FRTSLP29579,9,125620.2556
678,FRTSLP29581,3,235.902
679,FRTSLP29581,4,33839.863
680,FRTSLP29581,5,34831.116
681,FRTSLP29581,6,37718.983
682,FRTSLP29581,7,55267.701
683,FRTSLP29581,8,66018.302
684,FRTSLP29581,9,31605.2511
685,FRTSLP29592,8,153460.5973
686,FRTSLP29592,9,121479.8705
687,FRTSLP29624,3,1454.907
688,FRTSLP29624,4,71509.37
689,FRTSLP29624,5,68434.821
690,FRTSLP29624,6,43777.656
691,FRTSLP29624,7,101644.627
692,FRTSLP29624,8,140809.229
693,FRTSLP29624,9,59375.6121
694,FRTSLP29651,3,136.296
695,FRTSLP29651,4,18543.728
696,FRTSLP29651,5,23035.049
697,FRTSLP29651,6,34454.535
698,FRTSLP29651,7,62732.885
699,FRTSLP29651,8,67042.434
700,FRTSLP29651,9,31937.192
701,FRTSLP29658,3,262.697
702,FRTSLP29658,4,14863.279
703,FRTSLP29658,5,17173.639
704,FRTSLP29658,6,19403.329
705,FRTSLP29658,7,27984.624
706,FRTSLP29658,8,39653.044
707,FRTSLP29658,9,16357.8661
708,FRTSLP29713,3,881.637
709,FRTSLP29713,4,66268.235
710,FRTSLP29713,5,71331.754
711,FRTSLP29713,6,95069.76
712,FRTSLP29713,7,136735.164
713,FRTSLP29713,8,130535.368
714,FRTSLP29713,9,76576.9046
715,FRTSLP29751,7,194252.08
716,FRTSLP29751,8,336567.473
717,FRTSLP29751,9,166932.1733
718,FRTSLP29758,3,2299.727
719,FRTSLP29758,4,127750.144
720,FRTSLP29758,5,127059.465
721,FRTSLP29758,6,139269.637
722,FRTSLP29758,7,164804.405
723,FRTSLP29758,8,181581.46
724,FRTSLP29758,9,140093.1773
725,FRTSLP29767,3,927.076
726,FRTSLP29767,4,79798.035
727,FRTSLP29767,5,80271.593
728,FRTSLP29767,6,74981.322
729,FRTSLP29767,7,112915.939
730,FRTSLP29767,8,106317.521
731,FRTSLP29767,9,49544.6278
732,FRTSLP29777,3,784.335
733,FRTSLP29777,4,46950.456
734,FRTSLP29777,5,44990.126
735,FRTSLP29777,6,52576.412
736,FRTSLP29777,7,94750.38
737,FRTSLP29777,8,79049.508
738,FRTSLP29777,9,44621.0398
739,FRTSLP2986,3,1142.119
740,FRTSLP2986,4,67884.407
741,FRTSLP2986,5,51842.1159
742,FRTSLP2986,6,56915.1648
743,FRTSLP2986,7,77748.8874
744,FRTSLP2986,8,53259.6259
745,FRTSLP2986,9,17021.7063
746,FRTSLP2987,3,787.271
747,FRTSLP2987,4,70999.195
748,FRTSLP2987,5,56853.699
749,FRTSLP2987,6,57847.2827
750,FRTSLP2987,7,93046.61
751,FRTSLP2987,8,48162.4291
752,FRTSLP2987,9,19974.5729
753,FRTSLP29873,3,3136.678
754,FRTSLP29873,4,126564.576
755,FRTSLP29873,5,127414.958
756,FRTSLP29873,6,135427.357
757,FRTSLP29873,7,139868.928
758,FRTSLP29873,8,141177.39
759,FRTSLP29873,9,158652.8748
760,FRTSLP29903,3,2154.704
761,FRTSLP29903,4,141548.466
762,FRTSLP29903,5,138775.886
763,FRTSLP29903,6,147299.749
764,FRTSLP29903,7,216245.582
765,FRTSLP29903,8,216146.368
766,FRTSLP29903,9,82222.9377
767,FRTSLP29904,3,2668.748
768,FRTSLP29904,4,138583.248
769,FRTSLP29904,5,130589.468
770,FRTSLP29904,6,141040.668
771,FRTSLP29904,7,135391.905
772,FRTSLP29904,8,125867.493
773,FRTSLP29904,9,138466.3414
774,FRTSLP29905,3,2479.325
775,FRTSLP29905,4,130743.047
776,FRTSLP29905,5,136204.458
777,FRTSLP29905,6,147144.73
778,FRTSLP29905,7,208667.931
779,FRTSLP29905,8,228700.916
780,FRTSLP29905,9,128074.0393
781,FRTSLP29933,3,1437.9750000000001
782,FRTSLP29933,4,108453.693
783,FRTSLP29933,5,86318.964
784,FRTSLP29933,6,109938.819
785,FRTSLP29933,7,190574.839
786,FRTSLP29933,8,187207.64
787,FRTSLP29933,9,86243.0567
788,FRTSLP29935,3,1350.483
789,FRTSLP29935,4,78237.399
790,FRTSLP29935,5,43537.356
791,FRTSLP29935,6,46846.826
792,FRTSLP29935,7,102720.333
793,FRTSLP29935,8,109417.362
794,FRTSLP29935,9,46813.2729
795,FRTSLP29982,3,4332.225
796,FRTSLP29982,4,206833.009
797,FRTSLP29982,5,204189.6016
798,FRTSLP29982,6,215811.4823
799,FRTSLP29982,7,249237.7491
800,FRTSLP29982,8,253513.8953
801,FRTSLP29982,9,214309.2624
802,FRTSLP29983,3,633.9689999999999
803,FRTSLP29983,4,30713.074
804,FRTSLP29983,5,28031.683
805,FRTSLP29983,6,27656.779
806,FRTSLP29983,7,41047.154
807,FRTSLP29983,8,51493.055
808,FRTSLP29983,9,20290.0197
809,FRTSLP29984,3,2741.745
810,FRTSLP29984,4,164047.547
811,FRTSLP29984,5,160495.968
812,FRTSLP29984,6,148241.115
813,FRTSLP29984,7,174597.019
814,FRTSLP29984,8,194732.577
815,FRTSLP29984,9,146876.9765
816,FRTSLP30029,3,8158.59
817,FRTSLP30029,4,361974.937
818,FRTSLP30029,5,288848.303
819,FRTSLP30029,6,387740.55
820,FRTSLP30029,7,396141.719
821,FRTSLP30029,8,373632.044
822,FRTSLP30029,9,416449.7657
823,FRTSLP30031,3,4130.939
824,FRTSLP30031,4,203708.516
825,FRTSLP30031,5,195744.0037
826,FRTSLP30031,6,202056.4479
827,FRTSLP30031,7,273785.8887
828,FRTSLP30031,8,302875.6471
829,FRTSLP30031,9,175602.6677
830,FRTSLP30032,3,843.462
831,FRTSLP30032,4,46905.222
832,FRTSLP30032,5,47044.01
833,FRTSLP30032,6,47610.317
834,FRTSLP30032,7,83139.265
835,FRTSLP30032,8,95408.088
836,FRTSLP30032,9,41713.4628
837,FRTSLP30036,3,716.125
838,FRTSLP30036,4,82601.224
839,FRTSLP30036,5,121552.0678
840,FRTSLP30036,6,190046.9699
841,FRTSLP30036,7,291640.3813
842,FRTSLP30036,8,296284.0853
843,FRTSLP30036,9,146695.4376
844,FRTSLP30037,5,37904.663
845,FRTSLP30037,6,131503.489
846,FRTSLP30037,7,321593.56
847,FRTSLP30037,8,318550.226
848,FRTSLP30037,9,114505.1562
849,FRTSLP30038,5,11330.644
850,FRTSLP30038,6,123981.469
851,FRTSLP30038,7,225088.72
852,FRTSLP30038,8,230931.652
853,FRTSLP30038,9,113049.64660000001
854,FRTSLP30045,3,1130.722
855,FRTSLP30045,4,82448.373
856,FRTSLP30045,5,82268.149
857,FRTSLP30045,6,82840.018
858,FRTSLP30045,7,117251.459
859,FRTSLP30045,8,163344.475
860,FRTSLP30045,9,73280.7076
861,FRTSLP30140,3,3961.481
862,FRTSLP30140,4,232661.087
863,FRTSLP30140,5,290340.563
864,FRTSLP30140,6,417629.227
865,FRTSLP30140,7,615532.342
866,FRTSLP30140,8,609748.448
867,FRTSLP30140,9,323200.2369
868,FRTSLP30148,3,504.261
869,FRTSLP30148,4,61306.775
870,FRTSLP30148,5,64532.451
871,FRTSLP30148,6,51682.369
872,FRTSLP30148,7,72333.079
873,FRTSLP30148,8,89926.9
874,FRTSLP30148,9,43345.6432
875,FRTSLP3017,3,4228.249
876,FRTSLP3017,4,228352.853
877,FRTSLP3017,5,228125.9572
878,FRTSLP3017,6,239905.4774
879,FRTSLP3017,7,275582.7489
880,FRTSLP3017,8,198598.6911
881,FRTSLP3017,9,139073.507
882,FRTSLP30179,3,2769.047
883,FRTSLP30179,4,135052.455
884,FRTSLP30179,5,132359.329
885,FRTSLP30179,6,142767.635
886,FRTSLP30179,7,185547.53
887,FRTSLP30179,8,178176.926
888,FRTSLP30179,9,153165.8675
889,FRTSLP3018,3,2032.691
890,FRTSLP3018,4,108128.778
891,FRTSLP3018,5,99527.386
892,FRTSLP3018,6,126995.02
893,FRTSLP3018,7,204135.942
894,FRTSLP3018,8,173170.416
895,FRTSLP3018,9,116411.9337
896,FRTSLP30181,3,1660.318
897,FRTSLP30181,4,81418.994
898,FRTSLP30181,5,80846.727
899,FRTSLP30181,6,86584.488
900,FRTSLP30181,7,127079.527
901,FRTSLP30181,8,142603.742
902,FRTSLP30181,9,76250.2345
903,FRTSLP30182,3,918.538
904,FRTSLP30182,4,59742.313
905,FRTSLP30182,5,51504.642
906,FRTSLP30182,6,51489.886
907,FRTSLP30182,7,67529.91
908,FRTSLP30182,8,71107.974
909,FRTSLP30182,9,44663.3806
910,FRTSLP30183,4,49916.802
911,FRTSLP30183,5,47951.831
912,FRTSLP30183,6,64350.799
913,FRTSLP30183,7,72870.58
914,FRTSLP30183,8,76046.331
915,FRTSLP30183,9,61147.7429
916,FRTSLP30184,3,4886.635
917,FRTSLP30184,4,233245.578
918,FRTSLP30184,5,231618.999
919,FRTSLP30184,6,226032.754
920,FRTSLP30184,7,242322.375
921,FRTSLP30184,8,270103.949
922,FRTSLP30184,9,201280.0435
923,FRTSLP3019,3,1196.196
924,FRTSLP3019,4,82705.38
925,FRTSLP3019,5,82787.678
926,FRTSLP3019,6,84580.632
927,FRTSLP3019,7,113161.484
928,FRTSLP3019,8,121362.346
929,FRTSLP3019,9,69291.9905
930,FRTSLP3020,3,2532.311
931,FRTSLP3020,4,86946.04
932,FRTSLP3020,7,211406.879
933,FRTSLP3020,8,259246.4505
934,FRTSLP3020,9,140523.3761
935,FRTSLP30203,3,428.374
936,FRTSLP30203,4,32058.859
937,FRTSLP30203,5,33575.91
938,FRTSLP30203,6,35826.924
939,FRTSLP30203,7,65587.003
940,FRTSLP30203,8,82860.783
941,FRTSLP30203,9,32091.1915
942,FRTSLP30204,6,5191.304
943,FRTSLP30204,7,84197.826
944,FRTSLP30204,8,117665.33
945,FRTSLP30204,9,51787.6665
946,FRTSLP30207,3,2934.637
947,FRTSLP30207,4,225267.873
948,FRTSLP30207,5,221630.591
949,FRTSLP30207,6,222237.651
950,FRTSLP30207,7,302317.549
951,FRTSLP30207,8,295883.87
952,FRTSLP30207,9,177498.0113
953,FRTSLP30234,3,492.678
954,FRTSLP30234,4,30694.745
955,FRTSLP30234,5,5354.172
956,FRTSLP30234,6,20412.633
957,FRTSLP30234,7,47593.768
958,FRTSLP30234,8,54363.105
959,FRTSLP30234,9,30505.9987
960,FRTSLP30237,3,4972.383
961,FRTSLP30237,4,230772.438
962,FRTSLP30237,5,254778.022
963,FRTSLP30237,6,292341.423
964,FRTSLP30237,7,314304.665
965,FRTSLP30237,8,320449.138
966,FRTSLP30237,9,244158.9655
967,FRTSLP30240,5,3169.236
968,FRTSLP30240,6,25863.7219
969,FRTSLP30240,7,35690.4475
970,FRTSLP30240,8,47864.5751
971,FRTSLP30240,9,28241.758
972,FRTSLP30242,3,123.451
973,FRTSLP30242,4,15685.649
974,FRTSLP30242,5,11098.07
975,FRTSLP30242,6,15667.915
976,FRTSLP30242,7,30473.35
977,FRTSLP30242,8,41739.035
978,FRTSLP30242,9,13465.8266
979,FRTSLP30243,3,1516.707
980,FRTSLP30243,4,76250.15
981,FRTSLP30243,5,66486.45
982,FRTSLP30243,6,81618.85
983,FRTSLP30243,7,169461.396
984,FRTSLP30243,8,252819.854
985,FRTSLP30243,9,90259.1087
986,FRTSLP30244,3,2821.051
987,FRTSLP30244,4,137007.664
988,FRTSLP30244,5,148533.052
989,FRTSLP30244,6,184848.432
990,FRTSLP30244,7,161684.405
991,FRTSLP30244,8,193336.429
992,FRTSLP30244,9,199870.0361
993,FRTSLP30246,3,759.2719999999999
994,FRTSLP30246,4,56945.248
995,FRTSLP30246,5,53918.193
996,FRTSLP30246,6,51592.62
997,FRTSLP30246,7,72849.078
998,FRTSLP30246,8,89566.747
999,FRTSLP30246,9,47031.2418
1000,FRTSLP30248,3,867.513
1001,FRTSLP30248,4,45936.849
1002,FRTSLP30248,5,47590.429000000004
1003,FRTSLP30248,6,52077.317
1004,FRTSLP30248,7,60212.178
1005,FRTSLP30248,8,68355.837
1006,FRTSLP30248,9,47031.8147
1007,FRTSLP30249,3,2861.96
1008,FRTSLP30249,4,224584.255
1009,FRTSLP30249,5,195318.96
1010,FRTSLP30249,6,197236.167
1011,FRTSLP30249,7,290760.399
1012,FRTSLP30249,8,378136.377
1013,FRTSLP30249,9,188149.9061
1014,FRTSLP30250,6,20184.686
1015,FRTSLP30250,7,122353.078
1016,FRTSLP30250,8,211216.426
1017,FRTSLP30250,9,55794.8008
1018,FRTSLP30251,3,498.515
1019,FRTSLP30251,4,48323.114
1020,FRTSLP30251,5,45621.668
1021,FRTSLP30251,6,33974.921
1022,FRTSLP30251,7,74329.837
1023,FRTSLP30251,8,81884.956
1024,FRTSLP30251,9,38858.3871
1025,FRTSLP30252,3,1439.979
1026,FRTSLP30252,4,117000.009
1027,FRTSLP30252,5,102940.451
1028,FRTSLP30252,6,106213.782
1029,FRTSLP30252,7,139189.434
1030,FRTSLP30252,8,160168.964
1031,FRTSLP30252,9,97546.925
1032,FRTSLP30253,3,1574.795
1033,FRTSLP30253,4,83422.421
1034,FRTSLP30253,5,74490.878
1035,FRTSLP30253,6,83129.246
1036,FRTSLP30253,7,102463.397
1037,FRTSLP30253,8,108991.896
1038,FRTSLP30253,9,72747.5597
1039,FRTSLP30254,3,2396.045
1040,FRTSLP30254,4,149989.791
1041,FRTSLP30254,5,145722.1086
1042,FRTSLP30254,6,155334.8061
1043,FRTSLP30254,7,240125.1871
1044,FRTSLP30254,8,315983.2961
1045,FRTSLP30254,9,134087.0934
1046,FRTSLP30255,3,1455.622
1047,FRTSLP30255,4,74579.126
1048,FRTSLP30255,5,68453.139
1049,FRTSLP30255,6,83089.129
1050,FRTSLP30255,7,83790.28
1051,FRTSLP30255,8,71446.409
1052,FRTSLP30255,9,47465.3114
1053,FRTSLP30256,3,454.869
1054,FRTSLP30256,4,24584.681
1055,FRTSLP30256,5,22425.429
1056,FRTSLP30256,6,28799.802
1057,FRTSLP30256,7,58298.475
1058,FRTSLP30256,8,76513.658
1059,FRTSLP30256,9,24609.4903
1060,FRTSLP30257,3,2107.913
1061,FRTSLP30257,4,91165.581
1062,FRTSLP30257,5,95144.742
1063,FRTSLP30257,6,97141.703
1064,FRTSLP30257,7,108524.97
1065,FRTSLP30257,8,110624.065
1066,FRTSLP30257,9,98633.6806
1067,FRTSLP30259,3,3196.373
1068,FRTSLP30259,4,219938.932
1069,FRTSLP30259,5,198731.0359
1070,FRTSLP30259,6,235388.5549
1071,FRTSLP30259,7,386897.1595
1072,FRTSLP30259,8,395450.6683
1073,FRTSLP30259,9,182466.1917
1074,FRTSLP30329,3,296.373
1075,FRTSLP30329,4,12123.36
1076,FRTSLP30329,5,10874.214
1077,FRTSLP30329,6,11610.847
1078,FRTSLP30329,7,21906.143
1079,FRTSLP30329,8,27326.69
1080,FRTSLP30329,9,11796.9969
1081,FRTSLP30379,3,3389.624
1082,FRTSLP30379,4,234306.718
1083,FRTSLP30379,5,229891.63
1084,FRTSLP30379,6,221694.949
1085,FRTSLP30379,7,373495.956
1086,FRTSLP30379,8,388747.253
1087,FRTSLP30379,9,194341.646
1088,FRTSLP30399,3,2579.013
1089,FRTSLP30399,4,105029.064
1090,FRTSLP30399,5,112025.28600000001
1091,FRTSLP30399,6,122159.739
1092,FRTSLP30399,7,133714.412
1093,FRTSLP30399,8,148114.394
1094,FRTSLP30399,9,130256.4018
1095,FRTSLP30400,3,277.564
1096,FRTSLP30400,4,16781.459
1097,FRTSLP30400,5,14759.907
1098,FRTSLP30400,6,21012.083
1099,FRTSLP30400,7,55190.118
1100,FRTSLP30400,8,78788.022
1101,FRTSLP30400,9,20307.0784
1102,FRTSLP3045,3,569.11
1103,FRTSLP3045,4,62084.838
1104,FRTSLP3045,5,42432.344
1105,FRTSLP3045,6,43165.074
1106,FRTSLP3045,7,64713.079
1107,FRTSLP3045,8,69254.265
1108,FRTSLP3045,9,32963.8793
1109,FRTSLP30513,3,3457.78
1110,FRTSLP30513,4,205252.21
1111,FRTSLP30513,5,219665.938
1112,FRTSLP30513,6,255455.254
1113,FRTSLP30513,7,380713.914
1114,FRTSLP30513,8,411845.945
1115,FRTSLP30513,9,205602.6414
1116,FRTSLP3078,3,1186.21
1117,FRTSLP3078,4,63225.949
1118,FRTSLP3078,5,59350.052
1119,FRTSLP3078,6,63911.952
1120,FRTSLP3078,7,88263.231
1121,FRTSLP3078,8,114026.035
1122,FRTSLP3078,9,56187.5117
1123,FRTSLP30948,3,984.644
1124,FRTSLP30948,4,57519.03
1125,FRTSLP30948,5,50376.989
1126,FRTSLP30948,6,51037.918
1127,FRTSLP30948,7,68711.138
1128,FRTSLP30948,8,82720.662
1129,FRTSLP30948,9,46169.2735
1130,FRTSLP30951,3,1121.794
1131,FRTSLP30951,4,67324.551
1132,FRTSLP30951,5,57892.199
1133,FRTSLP30951,6,66819.428
1134,FRTSLP30951,7,116583.412
1135,FRTSLP30951,8,145460.662
1136,FRTSLP30951,9,49084.1403
1137,FRTSLP30985,3,1273.416
1138,FRTSLP30985,4,98121.294
1139,FRTSLP30985,5,100790.162
1140,FRTSLP30985,6,126507.547
1141,FRTSLP30985,7,208308.876
1142,FRTSLP30985,8,246539.593
1143,FRTSLP30985,9,104162.3466
1144,FRTSLP31397,3,2646.354
1145,FRTSLP31397,4,179483.543
1146,FRTSLP31397,5,150104.673
1147,FRTSLP31397,6,169301.659
1148,FRTSLP31397,7,230196.993
1149,FRTSLP31397,8,284708.362
1150,FRTSLP31397,9,132905.0745
1151,FRTSLP31398,3,1084.802
1152,FRTSLP31398,4,98352.829
1153,FRTSLP31398,5,87038.343
1154,FRTSLP31398,6,108239.101
1155,FRTSLP31398,7,175288.973
1156,FRTSLP31398,8,164366.881
1157,FRTSLP31398,9,103421.7433
1158,FRTSLP32189,5,5648.804
1159,FRTSLP32189,6,56720.957
1160,FRTSLP32189,7,84032.377
1161,FRTSLP32189,8,112060.435
1162,FRTSLP32189,9,70345.3745
1163,FRTSLP32666,3,2824.304
1164,FRTSLP32666,4,168108.042
1165,FRTSLP32666,5,189695.92
1166,FRTSLP32666,6,199524.954
1167,FRTSLP32666,7,226498.0
1168,FRTSLP32666,8,186670.08
1169,FRTSLP32666,9,207186.1471
1170,FRTSLP3305,3,1790.66
1171,FRTSLP3305,4,78383.434
1172,FRTSLP3305,5,81092.6237
1173,FRTSLP3305,6,81513.6901
1174,FRTSLP3305,7,102229.983
1175,FRTSLP3305,8,101172.2617
1176,FRTSLP3305,9,54964.5289
1177,FRTSLP33154,3,1284.747
1178,FRTSLP33154,4,86822.764
1179,FRTSLP33154,5,87088.584
1180,FRTSLP33154,6,92628.988
1181,FRTSLP33154,7,111700.51699999999
1182,FRTSLP33154,8,114136.752
1183,FRTSLP33154,9,75458.7798
1184,FRTSLP33155,3,1690.808
1185,FRTSLP33155,4,164713.99
1186,FRTSLP33155,5,156114.989
1187,FRTSLP33155,6,175507.687
1188,FRTSLP33155,7,340586.515
1189,FRTSLP33155,8,398841.658
1190,FRTSLP33155,9,137911.6392
1191,FRTSLP33157,3,437.449
1192,FRTSLP33157,4,24723.87
1193,FRTSLP33157,5,24651.506
1194,FRTSLP33157,6,21011.808
1195,FRTSLP33157,7,36837.883
1196,FRTSLP33157,8,47276.079
1197,FRTSLP33157,9,24339.2009
1198,FRTSLP33158,3,1388.079
1199,FRTSLP33158,4,59818.878
1200,FRTSLP33158,5,53488.304
1201,FRTSLP33158,6,63235.806
1202,FRTSLP33158,7,90876.352
1203,FRTSLP33158,8,81419.548
1204,FRTSLP33158,9,57994.26
1205,FRTSLP33161,3,330.86
1206,FRTSLP33161,4,21908.728
1207,FRTSLP33161,5,18752.95
1208,FRTSLP33161,6,28114.088
1209,FRTSLP33161,7,70134.319
1210,FRTSLP33161,8,89296.286
1211,FRTSLP33161,9,21780.3052
1212,FRTSLP33162,3,698.369
1213,FRTSLP33162,4,75875.555
1214,FRTSLP33162,5,80916.881
1215,FRTSLP33162,6,81467.04
1216,FRTSLP33162,7,151800.185
1217,FRTSLP33162,8,175415.008
1218,FRTSLP33162,9,63263.5529
1219,FRTSLP33166,3,583.825
1220,FRTSLP33166,4,49976.816
1221,FRTSLP33166,5,46845.319
1222,FRTSLP33166,6,48339.744
1223,FRTSLP33166,7,121434.969
1224,FRTSLP33166,8,154881.898
1225,FRTSLP33166,9,47871.3303
1226,FRTSLP33173,3,692.533
1227,FRTSLP33173,4,46872.195
1228,FRTSLP33173,5,47167.477
1229,FRTSLP33173,6,48276.569
1230,FRTSLP33173,7,67037.421
1231,FRTSLP33173,8,74250.98
1232,FRTSLP33173,9,40179.1348
1233,FRTSLP33175,3,1226.19
1234,FRTSLP33175,4,55609.054000000004
1235,FRTSLP33175,5,77509.037
1236,FRTSLP33175,6,74285.064
1237,FRTSLP33175,7,78246.612
1238,FRTSLP33175,8,92980.887
1239,FRTSLP33175,9,41922.605
1240,FRTSLP33176,3,676.982
1241,FRTSLP33176,4,61798.518
1242,FRTSLP33176,5,61707.04
1243,FRTSLP33176,6,68184.445
1244,FRTSLP33176,7,103565.363
1245,FRTSLP33176,8,153576.963
1246,FRTSLP33176,9,51605.789
1247,FRTSLP33179,3,1931.354
1248,FRTSLP33179,4,119442.269
1249,FRTSLP33179,5,118850.164
1250,FRTSLP33179,6,115195.477
1251,FRTSLP33179,7,157414.569
1252,FRTSLP33179,8,157504.036
1253,FRTSLP33179,9,98470.7797
1254,FRTSLP3318,3,589.692
1255,FRTSLP3318,4,71438.011
1256,FRTSLP3318,5,65772.998
1257,FRTSLP3318,6,61352.518
1258,FRTSLP3318,7,84775.475
1259,FRTSLP3318,8,88791.661
1260,FRTSLP3318,9,39413.131
1261,FRTSLP33181,3,519.087
1262,FRTSLP33181,4,35781.681
1263,FRTSLP33181,5,32678.305
1264,FRTSLP33181,6,33516.476
1265,FRTSLP33181,7,60417.27
1266,FRTSLP33181,8,91500.68
1267,FRTSLP33181,9,37808.0116
1268,FRTSLP33185,3,792.772
1269,FRTSLP33185,4,41035.61
1270,FRTSLP33185,5,39984.906
1271,FRTSLP33185,6,45204.349
1272,FRTSLP33185,7,63217.991
1273,FRTSLP33185,8,67770.909
1274,FRTSLP33185,9,49988.8627
1275,FRTSLP33187,4,30260.102
1276,FRTSLP33187,5,38219.752
1277,FRTSLP33187,6,46232.479
1278,FRTSLP33187,7,79672.181
1279,FRTSLP33187,8,102508.625
1280,FRTSLP33187,9,45474.6982
1281,FRTSLP33188,3,1258.49
1282,FRTSLP33188,4,89678.754
1283,FRTSLP33188,5,85607.108
1284,FRTSLP33188,6,94625.604
1285,FRTSLP33188,7,129656.983
1286,FRTSLP33188,8,122561.927
1287,FRTSLP33188,9,79207.1285
1288,FRTSLP3319,3,412.747
1289,FRTSLP3319,4,52886.703
1290,FRTSLP3319,5,37644.04
1291,FRTSLP3319,6,48875.472
1292,FRTSLP3319,7,83812.967
1293,FRTSLP3319,8,80072.726
1294,FRTSLP3319,9,39376.6962
1295,FRTSLP33190,3,872.7760000000001
1296,FRTSLP33190,4,60727.12
1297,FRTSLP33190,5,59385.499
1298,FRTSLP33190,6,73518.663
1299,FRTSLP33190,7,108768.965
1300,FRTSLP33190,8,111190.585
1301,FRTSLP33190,9,66494.6047
1302,FRTSLP33194,3,741.78
1303,FRTSLP33194,4,72419.186
1304,FRTSLP33194,5,66269.388
1305,FRTSLP33194,6,67892.169
1306,FRTSLP33194,7,124734.37
1307,FRTSLP33194,8,133247.302
1308,FRTSLP33194,9,53528.8263
1309,FRTSLP33831,3,1224.018
1310,FRTSLP33831,4,61968.481
1311,FRTSLP33831,5,63869.946
1312,FRTSLP33831,6,70005.022
1313,FRTSLP33831,7,87826.062
1314,FRTSLP33831,8,109373.659
1315,FRTSLP33831,9,62576.7651
1316,FRTSLP34042,3,2080.204
1317,FRTSLP34042,4,125025.735
1318,FRTSLP34042,5,116902.517
1319,FRTSLP34042,6,130112.888
1320,FRTSLP34042,7,217939.532
1321,FRTSLP34042,8,262087.962
1322,FRTSLP34042,9,120184.6578
1323,FRTSLP34043,3,622.088
1324,FRTSLP34043,4,41004.113
1325,FRTSLP34043,5,47335.628
1326,FRTSLP34043,6,51489.898
1327,FRTSLP34043,7,72491.525
1328,FRTSLP34043,8,86847.388
1329,FRTSLP34043,9,38914.2601
1330,FRTSLP34046,3,1599.517
1331,FRTSLP34046,4,117557.694
1332,FRTSLP34046,5,114431.549
1333,FRTSLP34046,6,143979.29
1334,FRTSLP34046,7,208973.49
1335,FRTSLP34046,8,214582.845
1336,FRTSLP34046,9,123771.6016
1337,FRTSLP34049,3,344.006
1338,FRTSLP34049,4,32743.669
1339,FRTSLP34049,5,8671.436
1340,FRTSLP34049,6,11488.482
1341,FRTSLP34049,7,45451.203
1342,FRTSLP34049,8,51570.746
1343,FRTSLP34049,9,11149.5818
1344,FRTSLP34050,3,212.739
1345,FRTSLP34050,4,35670.594
1346,FRTSLP34050,5,85896.309
1347,FRTSLP34050,6,95286.197
1348,FRTSLP34050,7,177775.921
1349,FRTSLP34050,8,240275.769
1350,FRTSLP34050,9,65997.153
1351,FRTSLP34053,3,846.6
1352,FRTSLP34053,4,76783.853
1353,FRTSLP34053,5,80520.673
1354,FRTSLP34053,6,81418.567
1355,FRTSLP34053,7,159770.225
1356,FRTSLP34053,8,198835.743
1357,FRTSLP34053,9,62671.6394
1358,FRTSLP34057,3,260.196
1359,FRTSLP34057,4,18020.643
1360,FRTSLP34057,5,18753.037
1361,FRTSLP34057,6,18881.013
1362,FRTSLP34057,7,26209.525
1363,FRTSLP34057,8,28384.021
1364,FRTSLP34057,9,17118.0002
1365,FRTSLP34059,3,614.926
1366,FRTSLP34059,4,59897.359
1367,FRTSLP34059,5,56025.841
1368,FRTSLP34059,6,58905.647
1369,FRTSLP34059,7,73627.07
1370,FRTSLP34059,8,72204.548
1371,FRTSLP34059,9,60883.7002
1372,FRTSLP3439,3,880.598
1373,FRTSLP3439,4,126635.597
1374,FRTSLP3439,5,98563.845
1375,FRTSLP3439,6,96496.464
1376,FRTSLP3439,7,208468.625
1377,FRTSLP3439,8,197887.681
1378,FRTSLP3439,9,80012.2032
1379,FRTSLP34981,3,2386.963
1380,FRTSLP34981,4,142721.417
1381,FRTSLP34981,5,156039.102
1382,FRTSLP34981,6,163372.321
1383,FRTSLP34981,7,180091.111
1384,FRTSLP34981,8,200529.063
1385,FRTSLP34981,9,165038.5982
1386,FRTSLP3826,3,2417.944
1387,FRTSLP3826,4,125690.77
1388,FRTSLP3826,5,124618.435
1389,FRTSLP3826,6,130745.957
1390,FRTSLP3826,7,183915.368
1391,FRTSLP3826,8,174902.977
1392,FRTSLP3826,9,104495.9473
1393,FRTSLP3972,3,463.448
1394,FRTSLP3972,4,39511.638
1395,FRTSLP3972,5,36269.013
1396,FRTSLP3972,6,34392.295
1397,FRTSLP3972,7,62050.274
1398,FRTSLP3972,8,63138.969
1399,FRTSLP3972,9,25311.3089
1400,FRTSLP4003025,3,423.932
1401,FRTSLP4003025,4,30377.151
1402,FRTSLP4003025,5,26351.674
1403,FRTSLP4003025,6,31972.372
1404,FRTSLP4003025,7,60224.017
1405,FRTSLP4003025,8,75358.417
1406,FRTSLP4003025,9,23881.9897
1407,FRTSLP407740,3,1629.828
1408,FRTSLP407740,4,61887.733
1409,FRTSLP407740,5,62607.401
1410,FRTSLP407740,6,65796.186
1411,FRTSLP407740,7,81968.285
1412,FRTSLP407740,8,71781.395
1413,FRTSLP407740,9,65206.7814
1414,FRTSLP413105,9,21447.8705
1415,FRTSLP413628,8,172811.0084
1416,FRTSLP413628,9,62169.4984
1417,FRTSLP413822,6,2263.186
1418,FRTSLP413822,7,30171.877
1419,FRTSLP413822,8,39351.215
1420,FRTSLP413822,9,23607.8176
1421,FRTSLP413824,6,16997.97
1422,FRTSLP413824,7,73046.114
1423,FRTSLP413824,8,100741.531
1424,FRTSLP413824,9,34308.6211
1425,FRTSLP413867,5,7782.507
1426,FRTSLP413867,6,36237.576
1427,FRTSLP413867,7,80213.524
1428,FRTSLP413867,8,114425.595
1429,FRTSLP413867,9,59039.0303
1430,FRTSLP417057,7,28127.316
1431,FRTSLP417057,8,38159.146
1432,FRTSLP417057,9,20574.2485
1433,FRTSLP424918,3,355.928
1434,FRTSLP424918,4,37992.507
1435,FRTSLP424918,5,34008.171
1436,FRTSLP424918,6,34574.457
1437,FRTSLP424918,7,55622.512
1438,FRTSLP424918,8,75444.16
1439,FRTSLP424918,9,24415.8763
1440,FRTSLP427106,3,260.938
1441,FRTSLP427106,4,15826.653
1442,FRTSLP427106,5,18725.817
1443,FRTSLP427106,6,19884.182
1444,FRTSLP427106,7,26088.418
1445,FRTSLP427106,8,26072.853
1446,FRTSLP427106,9,19245.2881
1447,FRTSLP437128,7,29.052
1448,FRTSLP437128,8,63311.769
1449,FRTSLP437128,9,24187.2717
1450,FRTSLP437609,8,105184.016
1451,FRTSLP437609,9,67041.7627
1452,FRTSLP450161,8,54227.4904
1453,FRTSLP450161,9,20394.8842
1454,FRTSLP45348,3,530.33
1455,FRTSLP45348,4,34688.89
1456,FRTSLP45348,5,37461.09
1457,FRTSLP45348,6,48675.666
1458,FRTSLP45348,7,77145.481
1459,FRTSLP45348,8,90899.585
1460,FRTSLP45348,9,43047.6204
1461,FRTSLP45349,7,49449.118
1462,FRTSLP45349,8,93737.805
1463,FRTSLP45349,9,36305.9152
1464,FRTSLP5147,3,11217.482
1465,FRTSLP5147,4,603276.507
1466,FRTSLP5147,5,584775.3098
1467,FRTSLP5147,6,620609.5181
1468,FRTSLP5147,7,725402.6599
1469,FRTSLP5147,8,693326.3742
1470,FRTSLP5147,9,630882.6591
1471,FRTSLP5177,3,5194.621
1472,FRTSLP5177,4,298850.778
1473,FRTSLP5177,5,304733.205
1474,FRTSLP5177,6,357830.329
1475,FRTSLP5177,7,430747.833
1476,FRTSLP5177,8,467589.014
1477,FRTSLP5177,9,285930.2746
1478,FRTSLP5362,3,1656.334
1479,FRTSLP5362,4,88545.546
1480,FRTSLP5362,5,78163.011
1481,FRTSLP5362,6,78543.844
1482,FRTSLP5362,7,95887.778
1483,FRTSLP5362,8,86397.466
1484,FRTSLP5362,9,57494.3603
1485,FRTSLP5367,3,3086.583
1486,FRTSLP5367,4,219901.888
1487,FRTSLP5367,5,198555.849
1488,FRTSLP5367,6,208233.184
1489,FRTSLP5367,7,290712.252
1490,FRTSLP5367,8,254971.275
1491,FRTSLP5367,9,126962.4282
1492,FRTSLP5432,3,994.317
1493,FRTSLP5432,4,48655.453
1494,FRTSLP5432,5,46554.8
1495,FRTSLP5432,6,44700.81
1496,FRTSLP5432,7,76512.706
1497,FRTSLP5432,8,61478.426
1498,FRTSLP5432,9,38731.4018
1499,FRTSLP5670,3,1354.741
1500,FRTSLP5670,4,99202.395
1501,FRTSLP5670,5,93236.912
1502,FRTSLP5670,6,111572.382
1503,FRTSLP5670,7,153660.219
1504,FRTSLP5670,8,130651.237
1505,FRTSLP5670,9,78509.1195
1506,FRTSLP5671,3,1131.3799999999999
1507,FRTSLP5671,4,75610.965
1508,FRTSLP5671,5,86188.561
1509,FRTSLP5671,6,93235.736
1510,FRTSLP5671,7,122797.498
1511,FRTSLP5671,8,108824.847
1512,FRTSLP5671,9,62703.6528
1513,FRTSLP5673,3,1966.087
1514,FRTSLP5673,4,145503.77
1515,FRTSLP5673,5,125025.564
1516,FRTSLP5673,6,140429.743
1517,FRTSLP5673,7,234654.292
1518,FRTSLP5673,8,168170.989
1519,FRTSLP5673,9,91409.6784
1520,FRTSLP5674,5,13879.509
1521,FRTSLP5674,6,46504.062
1522,FRTSLP5674,7,72170.738
1523,FRTSLP5674,8,76810.023
1524,FRTSLP5674,9,44140.4699
1525,FRTSLP5675,3,507.562
1526,FRTSLP5675,4,43701.242
1527,FRTSLP5675,5,38522.22
1528,FRTSLP5675,6,44370.798
1529,FRTSLP5675,7,86889.742
1530,FRTSLP5675,8,112114.907
1531,FRTSLP5675,9,39340.4163
1532,FRTSLP59510,3,434.807
1533,FRTSLP59510,4,24980.916
1534,FRTSLP59510,5,26260.897
1535,FRTSLP59510,6,28954.416
1536,FRTSLP59510,7,41401.994
1537,FRTSLP59510,8,52915.82
1538,FRTSLP59510,9,23890.8016
1539,FRTSLP6308,3,1664.26
1540,FRTSLP6308,4,72176.994
1541,FRTSLP6308,5,72659.18
1542,FRTSLP6308,6,76873.035
1543,FRTSLP6308,7,78841.965
1544,FRTSLP6308,8,70359.773
1545,FRTSLP6308,9,69752.3733
1546,FRTSLP6431,3,1091.03
1547,FRTSLP6431,4,49074.557
1548,FRTSLP6431,5,12892.445
1549,FRTSLP6431,6,19704.616
1550,FRTSLP6431,7,108094.669
1551,FRTSLP6431,8,131846.359
1552,FRTSLP6431,9,47166.0299
1553,FRTSLP6462,3,1482.663
1554,FRTSLP6462,4,70679.981
1555,FRTSLP6462,5,58202.675
1556,FRTSLP6462,6,72135.295
1557,FRTSLP6462,7,113682.559
1558,FRTSLP6462,8,81082.633
1559,FRTSLP6462,9,49751.8719
1560,FRTSLP7137,3,540.083
1561,FRTSLP7137,4,15625.339
1562,FRTSLP7137,5,5641.017
1563,FRTSLP7137,6,7204.783
1564,FRTSLP7137,7,17244.465
1565,FRTSLP7137,8,20001.302
1566,FRTSLP7137,9,6104.6263
1567,FRTSLP7138,3,691.69
1568,FRTSLP7138,4,50188.465
1569,FRTSLP7138,5,45156.578
1570,FRTSLP7138,6,50040.749
1571,FRTSLP7138,7,92392.663
1572,FRTSLP7138,8,110881.328
1573,FRTSLP7138,9,42818.3087
1574,FRTSLP7139,3,639.304
1575,FRTSLP7139,4,52051.127
1576,FRTSLP7139,5,46372.967
1577,FRTSLP7139,6,47094.072
1578,FRTSLP7139,7,77407.983
1579,FRTSLP7139,8,95557.468
1580,FRTSLP7139,9,38139.052
1581,FRTSLP7320,3,716.428
1582,FRTSLP7320,4,65409.732
1583,FRTSLP7320,5,60928.112
1584,FRTSLP7320,6,61801.815
1585,FRTSLP7320,7,84238.145
1586,FRTSLP7320,8,103562.973
1587,FRTSLP7320,9,48921.7554
1588,FRTSLP7322,3,844.239
1589,FRTSLP7322,4,51634.107
1590,FRTSLP7322,5,51184.311
1591,FRTSLP7322,6,55647.147
1592,FRTSLP7322,7,100103.056
1593,FRTSLP7322,8,84783.018
1594,FRTSLP7322,9,26791.4354
1595,FRTSLP9507,3,7017.318
1596,FRTSLP9507,4,354871.179
1597,FRTSLP9507,5,407121.8298
1598,FRTSLP9507,6,428042.4508
1599,FRTSLP9507,7,446495.8649
1600,FRTSLP9507,8,423875.0512
1601,FRTSLP9507,9,427764.3311
